Sales,sales,ATC Beverages Pvt.Ltd.,Taloja ,"Plot M1/2 Taloja , Taluka Panvel , District Raigad ",410208,27AAACU6053C1ZL,Mumbai,Maharashtra ,india,22,39376805,39376805,,,clients info
Sales,sales,ATC Beverages Pvt.Ltd.,Taloja ,"Plot M1/2 Taloja , Taluka Panvel , District Raigad ",410208,27AAACU6053C1ZL,Mumbai,Maharashtra ,india,22,39376805,39376805,,,clients info
Sales,sales,ATC Beverages Pvt.Ltd.,Taloja ,"Plot M1/2 Taloja , Taluka Panvel , District Raigad ",410208,27AAACU6053C1ZL,Mumbai,Maharashtra ,india,22,39376805,39376805,,,clients info
Sales,sales,ATC Beverages Pvt.Ltd.,Taloja ,"Plot M1/2 Taloja , Taluka Panvel , District Raigad ",410208,27AAACU6053C1ZL,Mumbai,Maharashtra ,india,22,39376805,39376805,,,clients info
Sales,sales,ATC Beverages Pvt.Ltd.,Taloja ,"Plot M1/2 Taloja , Taluka Panvel , District Raigad ",410208,27AAACU6053C1ZL,Mumbai,Maharashtra ,india,22,39376805,39376805,,,clients info
Sales,sales,ATC Beverages Pvt.Ltd.,Taloja ,"Plot M1/2 Taloja , Taluka Panvel , District Raigad ",410208,27AAACU6053C1ZL,Mumbai,Maharashtra ,india,22,39376805,39376805,,,clients info
Sales,sales,ATC Beverages Pvt.Ltd.,Taloja ,"Plot M1/2 Taloja , Taluka Panvel , District Raigad ",410208,27AAACU6053C1ZL,Mumbai,Maharashtra ,india,22,39376805,39376805,,,clients info
Sales,sales,ATC Beverages Pvt.Ltd.,Taloja ,"Plot M1/2 Taloja , Taluka Panvel , District Raigad ",410208,27AAACU6053C1ZL,Mumbai,Maharashtra ,india,22,39376805,39376805,,,clients info
Sales,sales,ATC Beverages Pvt.Ltd.,Taloja ,"Plot M1/2 Taloja , Taluka Panvel , District Raigad ",410208,27AAACU6053C1ZL,Mumbai,Maharashtra ,india,22,39376805,39376805,,,clients info
Sales,sales,ATC Beverages Pvt.Ltd.,Taloja ,"Plot M1/2 Taloja , Taluka Panvel , District Raigad ",410208,27AAACU6053C1ZL,Mumbai,Maharashtra ,india,22,39376805,39376805,,,clients info
Sales,sales,ATC Beverages Pvt.Ltd.,Taloja ,"Plot M1/2 Taloja , Taluka Panvel , District Raigad ",410208,27AAACU6053C1ZL,Mumbai,Maharashtra ,india,22,39376805,39376805,,,clients info
Sales,sales,ATC Beverages Pvt.Ltd.,Taloja ,"Plot M1/2 Taloja , Taluka Panvel , District Raigad ",410208,27AAACU6053C1ZL,Mumbai,Maharashtra ,india,22,39376805,39376805,,,clients info
Sales,sales,ATC Beverages Pvt.Ltd.,Taloja ,"Plot M1/2 Taloja , Taluka Panvel , District Raigad ",410208,27AAACU6053C1ZL,Mumbai,Maharashtra ,india,22,39376805,39376805,,,clients info
Sales,sales,ATC Beverages Pvt.Ltd.,Taloja ,"Plot M1/2 Taloja , Taluka Panvel , District Raigad ",410208,27AAACU6053C1ZL,Mumbai,Maharashtra ,india,22,39376805,39376805,,,clients info
Sales,sales,ATC Beverages Pvt.Ltd.,Taloja ,"Plot M1/2 Taloja , Taluka Panvel , District Raigad ",410208,27AAACU6053C1ZL,Mumbai,Maharashtra ,india,22,39376805,39376805,,,clients info
Sales,sales,ATC Beverages Pvt.Ltd.,Taloja ,"Plot M1/2 Taloja , Taluka Panvel , District Raigad ",410208,27AAACU6053C1ZL,Mumbai,Maharashtra ,india,22,39376805,39376805,,,clients info
Sales,sales,ATC Beverages Pvt.Ltd.,Taloja ,"Plot M1/2 Taloja , Taluka Panvel , District Raigad ",410208,27AAACU6053C1ZL,Mumbai,Maharashtra ,india,22,39376805,39376805,,,clients info
Sales,sales,ATC Beverages Pvt.Ltd.,Taloja ,"Plot M1/2 Taloja , Taluka Panvel , District Raigad ",410208,27AAACU6053C1ZL,Mumbai,Maharashtra ,india,22,39376805,39376805,,,clients info
Sales,sales,ATC Beverages Pvt.Ltd.,Taloja ,"Plot M1/2 Taloja , Taluka Panvel , District Raigad ",410208,27AAACU6053C1ZL,Mumbai,Maharashtra ,india,22,39376805,39376805,,,clients info
